Text	Lang with Prob
Bonjour tout le monde!	[fr:0.9999965811363185]
Hola, ¿cómo estás?	[es:0.8571396406586258, hu:0.14285807936295042]
Hello, how are you?	[cy:0.5714273573300526, en:0.4285708712296087]
नमस्ते, आप कैसे हैं?	[hi:0.999999780205594]
你好，你怎么样？	[zh-cn:0.999994127350356]
نن ټوله ورځ باران ورېده	[fa:0.9999967573887388]
