Text	Lang with Prob
Bonjour tout le monde!	[fr:0.9999965124596464]
Hola, ¿cómo estás?	[es:0.999996969254196]
Hello, how are you?	[en:0.8571398641292957, so:0.1428577659323957]
नमस्ते, आप कैसे हैं?	[hi:0.9999978803709011]
你好，你怎么样？	[zh-cn:0.9999964356180702]
نن ټوله ورځ باران ورېده	[fa:0.9999973235017153]
Hallo, wie gehts?	[de:0.9999949839774973]
olá, como vai	[pt:0.9999960091013029]
